{"linear_beta_schedule-no_attention": {"average_likelihood": 0.015957136904255726, "average_ssim": 0.0001735275394801218}, "linear_beta_schedule-self_attention": {"average_likelihood": 0.013243315728862634, "average_ssim": 8.41746504387159e-05}, "cosine_beta_schedule-no_attention": {"average_likelihood": 0.0166636244634564, "average_ssim": 0.00017805601250422135}, "cosine_beta_schedule-self_attention": {"average_likelihood": 0.01644661881950464, "average_ssim": -6.747858747944571e-05}}