{"linear_beta_schedule-no_attention": {"average_likelihood": 0.015607295881885738, "average_ssim": 0.0001425551073928808}, "linear_beta_schedule-self_attention": {"average_likelihood": 0.01813890919808453, "average_ssim": 0.00010040193204543273}, "cosine_beta_schedule-no_attention": {"average_likelihood": 0.013440882827296402, "average_ssim": 0.00016122064751799726}, "cosine_beta_schedule-self_attention": {"average_likelihood": 0.016220014170230303, "average_ssim": 0.00023820412457072908}}