{"linear_beta_schedule-no_attention": {"average_likelihood": 0.015806771349600818, "average_ssim": 0.0002800129572012928}, "linear_beta_schedule-self_attention": {"average_likelihood": 0.0170184573841628, "average_ssim": 0.00015792261235462537}, "cosine_beta_schedule-no_attention": {"average_likelihood": 0.014918476043521752, "average_ssim": 0.0003131798207163495}, "cosine_beta_schedule-self_attention":{"average_likelihood": 0.01720938485747369, "average_ssim": 0.00011049206719938067}}