{"linear_beta_schedule-no_attention": {"average_likelihood": 0.0158477319760269, "average_ssim": 4.973227195467883e-05}, "linear_beta_schedule-self_attention": {"average_likelihood": 0.013099081194802617, "average_ssim": 9.411678209698457e-05}, "cosine_beta_schedule-no_attention": {"average_likelihood": 0.01481518917185288, "average_ssim": 0.0005066706074017363}, "cosine_beta_schedule-self_attention":{"average_likelihood": 0.0179020573912549782, "average_ssim": 6.603948571183474e-05}}