{"linear_beta_schedule-no_attention": {"average_likelihood": 0.015641404671615428, "average_ssim": 0.00018392950034794512}, "linear_beta_schedule-self_attention": {"average_likelihood": 0.013146756740098589, "average_ssim": 0.0001016696925494778}, "cosine_beta_schedule-no_attention": {"average_likelihood": 0.01434057067271029, "average_ssim": 4.184624844680676e-05}, "cosine_beta_schedule-self_attention": {"average_likelihood": 0.016294265463111107, "average_ssim": 0.0003098014967118421}}